<?xml version="1.0" encoding="UTF-8" standalone="yes"?>
<addon id="repository.tatwizard" name="[COLOR limegreen][B]TAT[/B][/COLOR]Wizard Repository" version="2.0" provider-name="TAT">
    <extension point="xbmc.addon.repository" name="[COLOR limegreen][B]TAT[/B][/COLOR]Wizard Repository">
        <dir minversion="19.0">
            <info compressed="false">https://raw.githubusercontent.com/tat-wizard/repository.tatwizard/master/zips/addons.xml</info>
            <checksum>https://raw.githubusercontent.com/tat-wizard/repository.tatwizard/master/zips/addons.xml.md5</checksum>
            <datadir zip="true">https://raw.githubusercontent.com/tat-wizard/repository.tatwizard/master/zips/</datadir>
        </dir>
    </extension>
    
    <extension point="xbmc.addon.metadata">
        <summary>[COLOR limegreen][B]TAT[/B][/COLOR]Wizard</summary>
        <description>The official home of [COLOR limegreen][B]TAT[/B][/COLOR]Wizard.</description>
        <disclaimer></disclaimer>
        <platform>all</platform>
        <assets>
            <icon>icon.png</icon>
            <fanart>fanart.jpg</fanart>
        </assets>
        <source>https://github.com/tat-wizard/repository.tatwizard/</source>
    </extension>
</addon>
